post_id,platform,content_type,niche,post_day,post_hour,followers,likes,comments,shares,impressions,engagement_rate,watch_time_sec,hashtag_count,is_sponsored
POST_0310,TikTok,Image,Gaming,Wednesday,20,498660.0,41668.0,3476.0,2965.0,717827.0,9.65,,10.0,0
POST_0300,Instagram,Text,Gaming,Friday,16,100071.0,13864.0,650.0,553.0,246628.0,15.06,,204.0,1
POST_0338,LinkedIn,Image,Fitness,Tuesday,8,132743.0,17428.0,1711.0,1182.0,132690.0,15.31,,7.0,1
POST_0212,LinkedIn,Image,Food,Wednesday,19,167370.0,4976.0,386.0,269.0,410289.0,3.36,,15.0,0
POST_0041,LinkedIn,Text,Tech,Wednesday,0,111944.0,10164.0,792.0,124.0,116766.0,9.9,,11.0,0
POST_0047,Twitter,Image,Travel,Monday,0,404322.0,46027.0,1046.0,766.0,839008.0,11.83,,30.0,0
POST_0387,Twitter,Story,Fashion,Tuesday,15,254211.0,5184.0,,282.0,279625.0,2.38,,17.0,0
POST_0050,LinkedIn,Reel,Food,Sunday,21,389070.0,14455.0,1028.0,,611797.0,4.21,566.0,0.0,0
POST_0247,LinkedIn,Reel,Education,Friday,4,235555.0,17251.0,1252.0,638.0,420377.0,8.13,568.0,24.0,0
POST_0172,Instagram,Video,Travel,Thursday,22,46033.0,4082.0,94.0,,68584.0,9.28,302.0,28.0,0
POST_0195,LinkedIn,Image,Fashion,Sunday,23,399872.0,14244.0,1186.0,1080.0,1026289.0,4.13,,12.0,0
POST_0234,LinkedIn,Text,Travel,Tuesday,19,206342.0,6732.0,504.0,68.0,588290.0,3.54,,4.0,1
POST_0174,LinkedIn,Image,Finance,Saturday,4,467381.0,25297.0,1064.0,1908.0,1275825.0,6.05,,2.0,0
POST_0410,LinkedIn,Article,Gaming,Tuesday,21,324064.0,27070.0,985.0,2061.0,775699.0,9.29,,12.0,0
POST_0007,YouTube,Text,Travel,Monday,7,499172.0,39657.0,4314.0,1468.0,983998.0,9.1,,17.0,0
POST_0424,Twitter,Image,Food,Friday,3,439073.0,62671.0,3858.0,4387.0,1262224.0,16.15,,25.0,0
POST_0178,Instagram,Reel,Tech,Friday,21,294894.0,33188.0,765.0,906.0,454297.0,11.82,30.0,25.0,1
POST_0469,Instagram,Reel,Finance,Monday,16,455774.0,60700.0,3095.0,2176.0,258936.0,14.47,568.0,24.0,0
POST_0396,TikTok,Article,Finance,Thursday,22,8099.0,1202.0,102.0,75.0,22368.0,17.03,,15.0,0
POST_0031,YouTube,Video,Education,Thursday,13,411841.0,32278.0,,2233.0,1054073.0,8.84,364.0,15.0,0
POST_0453,TikTok,Story,Travel,Thursday,14,250599.0,21346.0,1406.0,,563663.0,,,0.0,0
POST_0260,Twitter,Article,Education,Thursday,17,178404.0,24186.0,2229.0,1748.0,147920.0,15.79,,24.0,0
POST_0486,YouTube,Reel,Gaming,Saturday,14,10503.0,1165.0,117.0,66.0,14660.0,12.83,505.0,28.0,0
POST_0217,LinkedIn,Video,Finance,Tuesday,21,442460.0,32929.0,2903.0,726.0,1189559.0,,,24.0,0
POST_0369,LinkedIn,Image,Gaming,Friday,8,425127.0,53415.0,2894.0,1640.0,696803.0,13.63,,22.0,1
POST_0116,TikTok,Reel,Food,Sunday,23,361596.0,12398.0,434.0,862.0,229966.0,3.79,499.0,16.0,0
POST_0483,Twitter,Text,Fitness,Tuesday,22,40071.0,2065.0,208.0,99.0,75865.0,5.92,,17.0,1
POST_0223,YouTube,Story,Travel,Wednesday,11,148992.0,21891.0,,360.0,210007.0,,,25.0,0
POST_0051,LinkedIn,Article,Gaming,Thursday,6,378539.0,50411.0,1843.0,3235.0,379547.0,14.66,,30.0,0
POST_0435,LinkedIn,Article,Travel,Monday,12,160210.0,12208.0,804.0,869.0,122501.0,,,13.0,0
POST_0403,Instagram,Article,Tech,Saturday,3,499603.0,60193.0,6597.0,,1229280.0,,,12.0,0
POST_0378,Twitter,Reel,Finance,Thursday,4,138244.0,10088.0,883.0,476.0,362729.0,8.28,38.0,14.0,0
POST_0455,LinkedIn,Image,Travel,Sunday,22,128896.0,2182.0,82.0,105.0,342691.0,1.84,,24.0,0
POST_0341,Instagram,Video,Finance,Friday,12,447960.0,8775.0,779.0,92.0,953612.0,199.5396431804316,319.0,12.0,1
POST_0008,YouTube,Video,Finance,Saturday,10,452000.0,5324.0,425.0,267.0,435471.0,1.33,258.0,19.0,0
POST_0238,LinkedIn,Video,Fitness,Tuesday,8,184260.0,21208.0,,1121.0,394341.0,12.83,138.0,29.0,0
POST_0094,YouTube,Reel,Fitness,Thursday,22,125982.0,11831.0,415.0,135.0,106591.0,9.83,325.0,,1
POST_0400,Twitter,Text,Tech,Friday,14,97722.0,4880.0,197.0,306.0,120751.0,5.51,,26.0,0
POST_0168,YouTube,Article,Gaming,Friday,11,88468.0,2821.0,140.0,60.0,215842.0,3.41,,11.0,0
POST_0114,YouTube,Reel,Fitness,Sunday,21,492128.0,55465.0,4342.0,1028.0,1384168.0,12.36,34.0,17.0,0
POST_0163,TikTok,Reel,Finance,Friday,7,229590.0,33629.0,2274.0,2538.0,238903.0,16.74,529.0,27.0,0
POST_0176,twitter,Image,Finance,Monday,12,184362.0,4074.0,392.0,291.0,346543.0,2.58,,7.0,1
POST_0272,instagram,Video,Finance,Wednesday,19,226469.0,13795.0,1573.0,334.0,256362.0,6.93,430.0,12.0,0
POST_0033,LinkedIn,Reel,Travel,Wednesday,15,77329.0,4479.0,270.0,,188835.0,6.51,150.0,8.0,0
POST_0087,Instagram,Reel,Fashion,Tuesday,8,332054.0,27034.0,1553.0,687.0,510379.0,8.82,463.0,10.0,0
POST_0333,Instagram,Article,Education,Saturday,18,188604.0,19188.0,1495.0,885.0,525717.0,11.44,,25.0,0
POST_0470,LinkedIn,Image,Food,Friday,4,349349.0,31605.0,1365.0,416.0,631960.0,9.56,,15.0,0
POST_0153,Instagram,Story,Gaming,Monday,21,346506.0,22812.0,1838.0,,771564.0,7.28,,6.0,0
POST_0200,LinkedIn,Article,Tech,Friday,10,30984.0,3275.0,330.0,56.0,28669.0,11.82,,6.0,0
POST_0363,LinkedIn,Article,Tech,Sunday,7,414093.0,28573.0,789.0,1874.0,848493.0,7.54,,365.0,1
POST_0349,Twitter,Article,Fashion,Monday,0,353025.0,47954.0,2542.0,3259.0,837927.0,15.23,,15.0,0
POST_0209,LinkedIn,Reel,Food,Sunday,8,146788.0,6115.0,309.0,320.0,299894.0,4.59,,,0
POST_0072,TikTok,Story,Finance,Tuesday,17,252051.0,6921.0,296.0,161.0,687917.0,,,0.0,0
POST_0103,LinkedIn,Video,Travel,Sunday,12,344581.0,13568.0,1409.0,259.0,553965.0,4.42,134.0,5.0,0
POST_0317,YouTube,Video,Education,Wednesday,8,90818.0,10312.0,948.0,405.0,96889.0,12.84,31.0,17.0,1
POST_0281,Twitter,Story,Finance,Tuesday,22,47851.0,2620.0,299.0,,54148.0,6.5,,1.0,0
POST_0049,Twitter,Video,Education,Monday,19,69008.0,3374.0,244.0,44.0,169720.0,5.31,496.0,28.0,0
POST_0165,YouTube,Article,Tech,Saturday,15,144401.0,10114.0,262.0,796.0,289899.0,7.74,,14.0,0
POST_0235,Instagram,Text,Tech,Monday,17,165685.0,7583.0,317.0,168.0,89396.0,4.87,,10.0,0
POST_0126,LinkedIn,Video,Education,Friday,11,77559.0,6916.0,240.0,394.0,151186.0,9.73,468.0,24.0,1
POST_0441,Instagram,Reel,Travel,Sunday,23,389447.0,6062.0,204.0,408.0,1112512.0,1.71,314.0,2.0,0
POST_0366,TikTok,Video,Fitness,Sunday,9,196113.0,5460.0,208.0,231.0,269857.0,3.01,353.0,5.0,0
POST_0412,Twitter,Story,Finance,Saturday,1,64530.0,8491.0,857.0,379.0,80478.0,15.07,,16.0,0
POST_0045,Twitter,Video,Fashion,Monday,8,32367.0,2852.0,60.0,204.0,88075.0,9.63,145.0,25.0,0
POST_0347,YouTube,Image,Fashion,Wednesday,20,259230.0,31894.0,738.0,490.0,366736.0,12.78,,15.0,0
POST_0101,LinkedIn,Video,Education,Monday,13,142826.0,16343.0,601.0,,297461.0,12.74,242.0,17.0,1
POST_0446,LinkedIn,Article,Tech,Wednesday,6,422486.0,30868.0,953.0,1708.0,291157.0,7.94,,16.0,0
POST_0488,YouTube,Story,Food,Monday,2,458595.0,4721.0,210.0,52.0,877851.0,1.09,,5.0,0
POST_0471,Twitter,Story,Tech,Friday,3,270054.0,3822.0,251.0,131.0,282381.0,1.56,,21.0,0
POST_0464,Twitter,Text,Fashion,Thursday,23,420405.0,20555.0,2369.0,306.0,243602.0,5.53,,1.0,0
POST_0419,TikTok,Text,Travel,Monday,14,208888.0,15670.0,1394.0,901.0,533967.0,8.6,,,0
POST_0427,Instagram,Text,Education,Tuesday,16,49355.0,4913.0,272.0,353.0,102687.0,11.22,,5.0,1
POST_0293,Instagram,Video,Fashion,Friday,9,250062.0,3528.0,160.0,229.0,249752.0,1.57,48.0,24.0,0
POST_0058,Twitter,Image,Education,Friday,1,462227.0,28906.0,1673.0,2172.0,1170258.0,7.09,,5.0,0
POST_0180,Instagram,Video,Gaming,Sunday,13,41461.0,1157.0,84.0,18.0,69960.0,3.04,,14.0,0
POST_0394,Instagram,Video,Education,Wednesday,12,181302.0,10199.0,447.0,293.0,92929.0,6.03,485.0,6.0,0
POST_0137,linkedin,Image,Fashion,Sunday,16,216400.0,8997.0,,592.0,453916.0,4.74,,27.0,0
POST_0068,Twitter,Story,Gaming,Monday,5,499946.0,57932.0,4401.0,620.0,963848.0,12.59,,4.0,0
POST_0004,TikTok,Article,Education,Wednesday,20,206768.0,9993.0,612.0,292.0,317890.0,5.27,,,1
POST_0155,YouTube,Article,Tech,Sunday,2,66450.0,5056.0,284.0,336.0,116549.0,8.54,,14.0,0
POST_0112,YouTube,Reel,Food,Tuesday,17,173395.0,21187.0,1578.0,,461075.0,13.33,377.0,3.0,1
POST_0263,TikTok,Image,Tech,Wednesday,14,489910.0,43158.0,1306.0,3033.0,1291232.0,9.7,,2.0,1
POST_0156,Instagram,Video,Fitness,Monday,12,11382.0,135.0,12.0,7.0,33468.0,1.35,150.0,6.0,0
POST_0500,Instagram,Article,Fitness,Thursday,6,301858.0,41066.0,1193.0,,604985.0,14.95,,24.0,0
POST_0334,TikTok,Article,Education,Sunday,5,17052.0,2538.0,72.0,165.0,16588.0,16.27,,2.0,0
POST_0085,Instagram,Text,Travel,Monday,21,311748.0,20676.0,2140.0,1653.0,160040.0,7.85,,28.0,0
POST_0301,TikTok,Text,Gaming,Monday,11,183268.0,4674.0,315.0,114.0,361930.0,2.78,,13.0,0
POST_0092,Instagram,Story,Gaming,Sunday,21,351877.0,6120.0,176.0,238.0,820756.0,1.86,,19.0,1
POST_0346,Twitter,Article,Education,Saturday,6,121575.0,5177.0,594.0,320.0,342645.0,5.01,,21.0,0
POST_0029,linkedin,Story,Education,Tuesday,16,455162.0,10405.0,1057.0,417.0,544439.0,2.61,,13.0,0
POST_0052,LinkedIn,Article,Food,Saturday,1,117492.0,11991.0,1014.0,415.0,209782.0,11.42,,25.0,0
POST_0100,Instagram,Article,Travel,Sunday,22,171963.0,18461.0,1351.0,652.0,351890.0,11.9,,10.0,0
POST_0276,YouTube,Image,Fashion,Sunday,22,98359.0,11980.0,395.0,884.0,228552.0,13.48,,19.0,1
POST_0104,twitter,Video,Gaming,Wednesday,7,99540.0,12494.0,694.0,,172738.0,13.87,184.0,4.0,0
POST_0481,Instagram,Text,Food,Friday,9,231156.0,10666.0,1071.0,540.0,207060.0,5.31,,7.0,1
POST_0232,Instagram,Article,Fitness,Wednesday,5,226371.0,6264.0,490.0,293.0,431550.0,3.11,,5.0,1
POST_0187,TikTok,Image,Gaming,Wednesday,16,21609.0,3179.0,315.0,206.0,19773.0,17.12,,22.0,0
POST_0127,TikTok,Video,Gaming,Tuesday,16,11699.0,1721.0,181.0,,19096.0,16.85,532.0,22.0,0
POST_0499,Instagram,Video,Fashion,Monday,2,71119.0,6183.0,516.0,396.0,110369.0,9.98,466.0,29.0,0
POST_0073,TikTok,Story,Tech,Sunday,11,413417.0,26439.0,3113.0,838.0,1084371.0,7.35,,9.0,0
POST_0252,LinkedIn,Text,Travel,Thursday,11,473580.0,17115.0,1306.0,1040.0,1108461.0,4.11,,14.0,0
POST_0119,Instagram,Reel,Fitness,Thursday,9,384381.0,13436.0,1319.0,183.0,259265.0,3.89,,23.0,0
POST_0210,LinkedIn,Reel,Tech,Saturday,0,115099.0,14798.0,1108.0,683.0,102432.0,14.41,309.0,9.0,0
POST_0288,TikTok,Article,Travel,Friday,1,435995.0,64165.0,4906.0,2137.0,276327.0,16.33,,11.0,0
POST_0379,Twitter,Story,Education,Saturday,1,305224.0,12386.0,925.0,808.0,220516.0,4.63,,0.0,1
POST_0003,YouTube,Video,Travel,Wednesday,20,58993.0,1941.0,184.0,79.0,74759.0,3.74,399.0,28.0,0
POST_0308,LinkedIn,Reel,Tech,Monday,15,32174.0,4011.0,271.0,261.0,72719.0,14.12,134.0,0.0,0
POST_0274,LinkedIn,Reel,Gaming,Tuesday,17,403290.0,50351.0,5694.0,3387.0,1102983.0,14.74,246.0,4.0,1
POST_0484,TikTok,Article,Tech,Wednesday,17,113990.0,12605.0,476.0,585.0,101461.0,11.99,,1.0,0
POST_0358,TikTok,Text,Fitness,Saturday,2,73930.0,2072.0,96.0,151.0,154716.0,3.14,,21.0,1
POST_0330,Twitter,Image,Education,Tuesday,13,322497.0,3397.0,85.0,131.0,432151.0,1.12,,29.0,0
POST_0341,Instagram,Video,Finance,Friday,12,447960.0,8775.0,779.0,92.0,953612.0,199.5396431804316,319.0,12.0,1
POST_0489,LinkedIn,Story,Finance,Saturday,11,96457.0,10654.0,642.0,261.0,92278.0,11.98,,20.0,0
POST_0081,TikTok,Image,Fitness,Saturday,19,176915.0,2489.0,127.0,68.0,400782.0,1.52,,21.0,0
POST_0189,Instagram,Article,Travel,Friday,2,131513.0,14666.0,587.0,265.0,68618.0,11.8,,12.0,0
POST_0181,Instagram,Article,Finance,Monday,23,468016.0,62479.0,5201.0,2083.0,298620.0,14.91,,3.0,0
POST_0011,LinkedIn,Reel,Food,Wednesday,7,493289.0,26819.0,846.0,1961.0,1317870.0,6.01,22.0,26.0,0
POST_0236,Twitter,Image,Gaming,Friday,13,29179.0,4158.0,97.0,75.0,52723.0,14.84,,24.0,0
POST_0143,LinkedIn,Story,Food,Sunday,3,449330.0,48906.0,5619.0,2906.0,312910.0,12.78,,12.0,0
POST_0064,Twitter,Text,Travel,Thursday,10,166575.0,1923.0,201.0,67.0,416998.0,1.32,,4.0,1
POST_0065,Twitter,Reel,Tech,Sunday,2,336938.0,38726.0,2831.0,2347.0,736427.0,13.03,462.0,17.0,1
POST_0062,LinkedIn,Reel,Gaming,Tuesday,16,126703.0,16166.0,1286.0,829.0,349413.0,14.43,180.0,21.0,0
POST_0409,TikTok,Reel,Tech,Sunday,12,250031.0,28318.0,3133.0,327.0,348023.0,12.71,216.0,15.0,0
POST_0320,YouTube,Story,Gaming,Sunday,15,235213.0,16693.0,,866.0,572480.0,8.13,,27.0,1
POST_0203,Instagram,Reel,Finance,Sunday,21,6901.0,288.0,8.0,14.0,4769.0,4.49,18.0,8.0,0
POST_0054,TikTok,Image,Finance,Sunday,6,327459.0,37306.0,3588.0,1719.0,521003.0,13.01,,22.0,0
POST_0282,TikTok,Reel,Finance,Saturday,7,494158.0,73322.0,4563.0,2554.0,889575.0,16.28,171.0,9.0,0
POST_0374,YouTube,Article,Fitness,Tuesday,1,105576.0,9320.0,715.0,412.0,262483.0,9.9,,12.0,1
POST_0157,LinkedIn,Video,Gaming,Tuesday,17,398653.0,19766.0,2163.0,,880478.0,5.77,564.0,28.0,0
POST_0342,LinkedIn,Text,Travel,Thursday,10,464547.0,54278.0,2398.0,4055.0,477068.0,13.07,,29.0,0
POST_0082,Instagram,Image,Finance,Sunday,15,96673.0,3225.0,111.0,93.0,123005.0,3.55,,,0
POST_0009,YouTube,Story,Fitness,Wednesday,12,270565.0,40297.0,2829.0,1575.0,540975.0,16.52,,26.0,1
POST_0286,TikTok,Image,Tech,Thursday,21,461134.0,1475924.0,804.0,1314.0,949334.0,5.98,,14.0,0
POST_0466,Twitter,Article,Education,Thursday,7,453776.0,22615.0,1340.0,1189.0,499233.0,5.54,,18.0,1
POST_0201,Twitter,Story,Fashion,Tuesday,9,119947.0,10353.0,1122.0,500.0,329325.0,9.98,,5.0,0
POST_0404,TikTok,Reel,Finance,Sunday,10,64936.0,5861.0,613.0,367.0,107532.0,10.53,,24.0,1
POST_0097,tiktok,Text,Fitness,Tuesday,12,161400.0,8892.0,865.0,256.0,431103.0,6.2,,17.0,0
POST_0086,Instagram,Reel,Food,Wednesday,2,273670.0,36233.0,2066.0,1391.0,778874.0,14.5,,109.0,0
POST_0142,TikTok,Image,Fitness,Wednesday,1,347560.0,49085.0,5741.0,2212.0,732115.0,16.41,,25.0,0
POST_0280,YouTube,Story,Fashion,Tuesday,0,98539.0,11190.0,1238.0,172.0,55486.0,12.79,,17.0,0
POST_0402,TikTok,Reel,Food,Monday,14,31111.0,1477.0,121.0,84.0,88785.0,5.41,86.0,20.0,0
POST_0122,LinkedIn,Text,Fashion,Monday,21,92878.0,10644.0,559.0,602.0,234576.0,12.71,,11.0,1
POST_0413,TikTok,Article,Finance,Tuesday,13,430440.0,8202.0,941.0,617.0,330424.0,,,22.0,0
POST_0038,TikTok,Reel,Gaming,Wednesday,9,13323.0,330.0,14.0,9.0,32430.0,2.65,199.0,10.0,0
POST_0459,Twitter,Article,Tech,Monday,21,223146.0,16691.0,1718.0,1322.0,528945.0,8.84,,29.0,0
POST_0277,TikTok,Video,Finance,Saturday,7,386423.0,56219.0,4300.0,678.0,746978.0,15.84,477.0,21.0,1
POST_0138,Twitter,Article,Tech,Friday,18,36585.0,2296.0,59.0,121.0,105505.0,6.77,,18.0,0
POST_0490,Twitter,Image,Fashion,Saturday,1,189938.0,23959.0,2622.0,1435.0,161256.0,14.75,,25.0,0
POST_0365,LinkedIn,Text,Travel,Thursday,13,449532.0,65305.0,,2229.0,793795.0,15.85,,,1
POST_0461,Instagram,Story,Travel,Thursday,8,183051.0,7430.0,412.0,564.0,204213.0,4.59,,1.0,1
POST_0343,YouTube,Reel,Finance,Sunday,0,404850.0,27190.0,3020.0,1115.0,765628.0,7.74,,22.0,0
POST_0405,LinkedIn,Video,Tech,Sunday,18,154686.0,15814.0,814.0,383.0,411837.0,11.0,449.0,30.0,0
POST_0175,LinkedIn,Article,Fitness,Friday,5,74861.0,8838.0,825.0,354.0,94708.0,13.38,,7.0,0
POST_0070,LinkedIn,Video,Fitness,Tuesday,6,230189.0,17458.0,641.0,1253.0,298154.0,8.41,15.0,24.0,0
POST_0016,Twitter,Story,Food,Friday,14,258681.0,10592.0,773.0,663.0,215772.0,4.65,,27.0,0
POST_0433,LinkedIn,Article,Fashion,Wednesday,9,65027.0,3041.0,227.0,190.0,34980.0,5.32,,394.0,0
POST_0399,LinkedIn,Image,Education,Sunday,15,57492.0,7321.0,715.0,285.0,54213.0,14.47,,5.0,0
POST_0037,YouTube,Image,Gaming,Thursday,0,317397.0,30365.0,2399.0,738.0,782945.0,102.94526212960902,,21.0,1
POST_0458,YouTube,Reel,Travel,Wednesday,20,490934.0,24491.0,524.0,1125.0,1214438.0,5.32,343.0,27.0,0
POST_0221,Twitter,Reel,Fitness,Monday,14,237513.0,6097.0,413.0,,543421.0,2.89,198.0,16.0,0
POST_0215,YouTube,Reel,Food,Tuesday,11,51200.0,1211.0,36.0,24.0,26002.0,2.48,499.0,23.0,0
POST_0406,TikTok,Video,Education,Wednesday,14,224332.0,10167.0,484.0,334.0,252069.0,4.9,220.0,20.0,0
POST_0108,LinkedIn,Article,Fashion,Tuesday,18,311375.0,35176.0,2488.0,2746.0,548022.0,12.98,,26.0,0
POST_0352,Twitter,Image,Gaming,Tuesday,14,157193.0,1576.0,145.0,102.0,189732.0,1.16,,12.0,0
POST_0297,TikTok,Story,Fashion,Tuesday,7,33371.0,4881.0,160.0,386.0,95496.0,16.26,,2.0,0
POST_0295,LinkedIn,Article,Food,Tuesday,17,409638.0,16125.0,617.0,740.0,447616.0,4.27,,10.0,0
POST_0497,YouTube,Text,Education,Monday,4,177072.0,4058.0,289.0,212.0,389203.0,2.57,,9.0,0
POST_0218,LinkedIn,Article,Education,Monday,19,249289.0,28643.0,896.0,2142.0,399950.0,12.71,,17.0,1
POST_0093,YouTube,Story,Gaming,Saturday,11,231008.0,18047.0,1456.0,1132.0,505979.0,8.93,,6.0,0
POST_0213,YouTube,Text,Food,Friday,7,445328.0,45862.0,4117.0,2223.0,560694.0,11.72,,13.0,1
POST_0290,LinkedIn,Text,Gaming,Tuesday,22,361867.0,10195.0,1064.0,375.0,390866.0,3.21,,12.0,0
POST_0264,Instagram,Story,Travel,Monday,10,157104.0,5222.0,203.0,,271304.0,3.68,,,0
POST_0148,YouTube,Image,Fitness,Monday,5,19073.0,2274.0,114.0,99.0,12708.0,13.04,,9.0,1
POST_0135,YouTube,Text,Education,Saturday,23,220249.0,3933.0,93.0,254.0,487686.0,1.94,,6.0,0
POST_0385,TikTok,Reel,Food,Tuesday,14,183503.0,9126.0,1003.0,654.0,182810.0,5.88,221.0,12.0,0
POST_0075,TikTok,Story,Travel,Sunday,7,190648.0,22735.0,763.0,1246.0,101853.0,12.98,,11.0,1
POST_0482,LinkedIn,Article,Education,Thursday,0,109212.0,11406.0,280.0,454.0,68745.0,11.12,,,0
POST_0032,LinkedIn,Reel,Food,Thursday,14,297037.0,9236.0,971.0,,195406.0,3.55,173.0,6.0,0
POST_0192,TikTok,Video,Fitness,Wednesday,0,187321.0,9968.0,201.0,519.0,388963.0,5.71,436.0,8.0,1
POST_0267,linkedin,Video,Education,Tuesday,11,45936.0,6229.0,494.0,496.0,92314.0,15.72,307.0,15.0,0
POST_0283,Instagram,Image,Food,Friday,5,55823.0,4351.0,251.0,172.0,100753.0,8.55,,22.0,0
POST_0091,YouTube,Image,Travel,Tuesday,17,233041.0,25264.0,1883.0,925.0,488408.0,12.05,,1.0,1
POST_0013,TikTok,Text,Travel,Monday,17,375562.0,17343.0,644.0,1356.0,887972.0,5.15,,24.0,0
POST_0307,Instagram,Text,Education,Wednesday,18,100853.0,4599.0,490.0,57.0,179750.0,5.1,,8.0,0
POST_0389,Instagram,Image,Fitness,Saturday,5,225033.0,25256.0,1700.0,461.0,266073.0,12.18,,18.0,0
POST_0496,Instagram,Story,Travel,Thursday,15,27806.0,2857.0,198.0,80.0,15067.0,11.27,,30.0,1
POST_0173,Twitter,Image,Fashion,Tuesday,4,64133.0,3747.0,438.0,145.0,139378.0,6.75,,18.0,0
POST_0311,Instagram,Story,Food,Friday,15,77373.0,3420.0,332.0,186.0,175660.0,5.09,,22.0,0
POST_0303,Instagram,Image,Education,Wednesday,13,359918.0,53386.0,,1780.0,875065.0,17.11,,21.0,0
POST_0246,YouTube,Video,Travel,Saturday,20,61545.0,3820.0,319.0,,94801.0,7.06,330.0,30.0,1
POST_0266,Instagram,Article,Finance,Thursday,22,191546.0,11652.0,1066.0,,528279.0,6.89,,5.0,1
POST_0005,TikTok,Reel,Food,Thursday,1,159285.0,22294.0,1886.0,1193.0,363479.0,15.93,457.0,18.0,0
POST_0383,Instagram,Text,Travel,Monday,11,29671.0,488.0,19.0,,84487.0,1.77,,22.0,0
POST_0398,YouTube,Image,Education,Thursday,22,419647.0,35411.0,2695.0,2798.0,496275.0,9.75,,26.0,1
POST_0145,LinkedIn,Image,Fitness,Thursday,14,39067.0,663.0,19.0,31.0,28802.0,1.83,,4.0,0
POST_0451,YouTube,Story,Fashion,Monday,12,149702.0,11437.0,826.0,498.0,410070.0,8.52,,2.0,0
POST_0055,YouTube,Video,Food,Friday,13,463465.0,57523.0,6595.0,2440.0,1004296.0,14.36,134.0,25.0,0
POST_0196,YouTube,Video,Tech,Sunday,3,388009.0,5077.0,,375.0,548640.0,1.44,559.0,,0
POST_0164,Instagram,Reel,Education,Monday,3,362008.0,22433.0,2683.0,1560.0,806564.0,7.37,99.0,28.0,0
POST_0207,TikTok,Reel,Food,Thursday,9,169757.0,14741.0,1308.0,683.0,436833.0,9.86,526.0,4.0,0
POST_0375,Instagram,Story,Fitness,Thursday,5,196713.0,19268.0,1662.0,772.0,235135.0,11.03,,10.0,0
POST_0465,Twitter,Video,Finance,Wednesday,9,174672.0,21717.0,2534.0,1325.0,428841.0,14.64,88.0,,0
POST_0381,Twitter,Story,Tech,Tuesday,4,91353.0,1787.0,144.0,85.0,169232.0,2.21,,24.0,0
POST_0306,LinkedIn,Text,Travel,Wednesday,0,290749.0,15691.0,918.0,1101.0,698106.0,6.09,,23.0,0
POST_0107,YouTube,Reel,Travel,Friday,22,187994.0,5100.0,,112.0,535750.0,2.87,265.0,11.0,1
POST_0318,Twitter,Reel,Finance,Saturday,0,7548.0,277.0,,12.0,16417.0,4.03,215.0,11.0,1
POST_0391,Instagram,Story,Tech,Friday,17,220861.0,4202.0,,133.0,358224.0,2.13,,7.0,1
POST_0025,Instagram,Video,Fashion,Monday,21,194510.0,16637.0,1846.0,664.0,206687.0,9.84,390.0,4.0,0
POST_0044,Twitter,Story,Gaming,Friday,0,279600.0,9092.0,990.0,278.0,430053.0,3.71,,17.0,1
POST_0440,Instagram,Text,Gaming,Friday,9,388061.0,4039.0,353.0,184.0,737878.0,1.18,,20.0,0
POST_0323,Twitter,Image,Food,Friday,20,287166.0,35283.0,3366.0,1359.0,343501.0,13.93,,26.0,0
POST_0270,LinkedIn,Image,Fashion,Monday,22,203056.0,19033.0,1269.0,1083.0,289948.0,10.53,,6.0,1
POST_0325,Instagram,Article,Fitness,Monday,8,137614.0,6269.0,,75.0,388203.0,4.88,,,0
POST_0083,TikTok,Text,Fashion,Friday,3,455179.0,16106.0,1107.0,,378532.0,3.85,,11.0,1
POST_0167,LinkedIn,Reel,Food,Wednesday,9,288313.0,13706.0,1151.0,374.0,822249.0,5.28,409.0,5.0,1
POST_0475,YouTube,Story,Food,Tuesday,3,479883.0,67241.0,7095.0,4637.0,1066255.0,16.46,,9.0,0
POST_0368,YouTube,Story,Fashion,Friday,13,54352.0,7945.0,422.0,86.0,73343.0,15.55,,18.0,0
POST_0125,Instagram,Image,Finance,Monday,6,378844.0,14551.0,1354.0,924.0,229524.0,4.44,,9.0,0
POST_0416,TikTok,Article,Fitness,Monday,20,386431.0,41434.0,3061.0,1900.0,1101541.0,12.01,,21.0,0
POST_0102,Instagram,Story,Travel,Saturday,3,232055.0,34222.0,1529.0,1856.0,388277.0,16.21,,11.0,0
POST_0442,TikTok,Story,Fashion,Friday,3,470511.0,44496.0,5317.0,1705.0,332573.0,10.95,,0.0,1
POST_0077,Instagram,Reel,Food,Friday,19,272830.0,7992.0,326.0,504.0,349356.0,3.23,15.0,29.0,0
POST_0133,linkedin,Text,Fashion,Tuesday,11,120264.0,16854.0,932.0,1238.0,196505.0,15.82,,30.0,0
POST_0311,Instagram,Story,Food,Friday,15,77373.0,3420.0,332.0,186.0,175660.0,5.09,,22.0,0
POST_0151,Instagram,Reel,Travel,Friday,18,234782.0,9750.0,743.0,585.0,479139.0,4.72,292.0,9.0,0
POST_0250,YouTube,Image,Tech,Monday,18,466182.0,931856.0,1683.0,,1186265.0,8.08,,23.0,1
POST_0027,YouTube,Text,Education,Wednesday,23,423587.0,10637.0,442.0,731.0,1086413.0,,,6.0,0
POST_0339,TikTok,Story,Fitness,Saturday,22,263307.0,10578.0,786.0,436.0,168203.0,4.48,,15.0,0
POST_0289,YouTube,Text,Gaming,Monday,0,200900.0,20463.0,2312.0,1472.0,289562.0,12.07,,14.0,0
POST_0113,TikTok,Reel,Fitness,Sunday,18,19752.0,2317.0,84.0,153.0,15310.0,12.93,,26.0,0
POST_0305,YouTube,Image,Gaming,Monday,0,289859.0,29343.0,2049.0,2173.0,590771.0,11.58,,11.0,1
POST_0294,LinkedIn,Text,Fashion,Wednesday,17,320153.0,40087.0,4311.0,1516.0,395348.0,14.34,,,0
POST_0373,Twitter,Image,Gaming,Thursday,15,353680.0,34302.0,2643.0,1266.0,562037.0,10.8,,29.0,0
POST_0028,Twitter,Reel,Gaming,Wednesday,8,445717.0,47220.0,3147.0,947.0,738903.0,11.51,372.0,15.0,1
POST_0261,Twitter,Text,Finance,Friday,6,486278.0,40276.0,1899.0,640.0,1282197.0,8.8,,1.0,1
POST_0360,TikTok,Reel,Fitness,Tuesday,5,291524.0,35662.0,1182.0,2425.0,621954.0,13.47,,25.0,0
POST_0111,Instagram,Reel,Food,Wednesday,5,194783.0,3653.0,376.0,82.0,273880.0,2.11,,10.0,0
POST_0468,YouTube,Image,Fitness,Monday,15,124257.0,10490.0,1020.0,379.0,98070.0,9.57,,,0
POST_0205,LinkedIn,Article,Gaming,Thursday,15,223317.0,19195.0,1771.0,974.0,263160.0,9.82,,,0
POST_0231,Twitter,Image,Fashion,Monday,14,12871.0,161.0,3.0,8.0,10501.0,,,10.0,0
POST_0191,Twitter,Text,Fashion,Friday,4,105211.0,6034.0,174.0,392.0,107123.0,6.27,,15.0,0
POST_0322,Twitter,Article,Food,Wednesday,8,155249.0,17594.0,1752.0,902.0,320714.0,13.04,,27.0,0
POST_0206,YouTube,Text,Fashion,Wednesday,9,294199.0,35550.0,1707.0,864.0,219606.0,12.96,,16.0,0
POST_0259,Twitter,Image,Finance,Wednesday,1,444057.0,16615.0,1701.0,546.0,532219.0,4.25,,13.0,0
POST_0171,instagram,Reel,Travel,Tuesday,1,192703.0,18645.0,850.0,696.0,306105.0,10.48,390.0,12.0,0
POST_0421,Twitter,Reel,Fashion,Sunday,7,148603.0,8576.0,598.0,656.0,254786.0,6.61,337.0,8.0,0
POST_0380,TikTok,Video,Finance,Monday,15,221169.0,5934.0,611.0,182.0,658915.0,3.04,140.0,20.0,0
POST_0057,LinkedIn,Text,Food,Sunday,14,273900.0,29116.0,2088.0,882.0,649146.0,11.71,,5.0,0
POST_0149,Twitter,Story,Travel,Friday,6,37035.0,406.0,28.0,7.0,39886.0,1.19,,20.0,0
POST_0242,Instagram,Article,Finance,Saturday,22,380551.0,22114.0,2359.0,1416.0,301597.0,6.8,,27.0,0
POST_0088,Instagram,Image,Tech,Wednesday,9,26592.0,2959.0,199.0,187.0,40043.0,12.58,,,0
POST_0248,Instagram,Reel,Tech,Friday,0,224894.0,14760.0,978.0,1114.0,620312.0,7.49,190.0,27.0,0
POST_0091,YouTube,Image,Travel,Tuesday,17,233041.0,25264.0,1883.0,925.0,488408.0,12.05,,1.0,1
POST_0098,twitter,Reel,Education,Wednesday,18,309623.0,30686.0,3621.0,1656.0,448278.0,,539.0,2.0,1
POST_0059,LinkedIn,Image,Fashion,Saturday,9,299522.0,25584.0,528.0,957.0,679044.0,9.04,,11.0,0
POST_0117,Twitter,Text,Food,Sunday,8,145467.0,14438.0,1467.0,492.0,307028.0,11.27,,1.0,0
POST_0486,YouTube,Reel,Gaming,Saturday,14,10503.0,1165.0,117.0,66.0,14660.0,12.83,505.0,28.0,0
POST_0329,Twitter,Video,Food,Tuesday,5,154812.0,8373.0,983.0,,160811.0,6.1,409.0,28.0,0
POST_0407,Instagram,Reel,Fashion,Wednesday,3,436207.0,17811.0,2104.0,859.0,1000136.0,4.76,560.0,25.0,1
POST_0214,Twitter,Video,Fitness,Saturday,10,24429.0,983.0,20.0,57.0,31250.0,,,7.0,1
POST_0324,Instagram,Video,Tech,Tuesday,12,107297.0,13747.0,324.0,589.0,282454.0,13.66,539.0,0.0,0
POST_0309,TikTok,Reel,Tech,Friday,13,404172.0,53825.0,1673.0,2088.0,1147011.0,14.25,289.0,18.0,1
POST_0449,Instagram,Story,Food,Wednesday,11,372931.0,28254.0,1714.0,693.0,731950.0,8.22,,23.0,1
POST_0376,YouTube,Video,Travel,Wednesday,20,443939.0,37545.0,2809.0,2321.0,379851.0,9.61,335.0,17.0,0
POST_0390,Twitter,Video,Education,Sunday,13,422818.0,39674.0,1030.0,985.0,572310.0,9.86,180.0,14.0,0
POST_0048,TikTok,Story,Education,Sunday,12,235565.0,31425.0,1863.0,2132.0,623140.0,15.04,,6.0,0
POST_0226,Instagram,Video,Tech,Friday,16,41108.0,2366.0,251.0,140.0,76793.0,6.71,196.0,13.0,0
POST_0090,YouTube,Article,Finance,Friday,10,263351.0,10945.0,1307.0,224.0,177319.0,4.74,,14.0,0
POST_0397,TikTok,Story,Gaming,Friday,10,250686.0,24483.0,2067.0,1224.0,531151.0,11.08,,19.0,0
POST_0336,Twitter,Reel,Food,Tuesday,17,179148.0,3724.0,322.0,231.0,401123.0,2.39,326.0,30.0,0
POST_0477,LinkedIn,Reel,Travel,Sunday,9,400194.0,25845.0,2676.0,1401.0,945637.0,7.48,96.0,0.0,0
POST_0372,LinkedIn,Article,Gaming,Thursday,7,427376.0,63017.0,5305.0,3814.0,584314.0,16.88,,,0
POST_0462,Twitter,Reel,Fitness,Tuesday,14,98661.0,6467.0,580.0,84.0,153799.0,7.23,423.0,24.0,0
POST_0015,LinkedIn,Video,Food,Tuesday,13,328252.0,32513.0,,2236.0,643922.0,11.52,28.0,27.0,0
POST_0454,TikTok,Video,Tech,Saturday,12,255311.0,33082.0,3703.0,,521436.0,15.31,63.0,3.0,1
POST_0480,TikTok,Video,Education,Thursday,3,322909.0,33560.0,,449.0,802371.0,,528.0,11.0,0
POST_0121,Twitter,Text,Finance,Saturday,2,259503.0,38603.0,1932.0,962.0,614888.0,15.99,,1.0,0
POST_0043,LinkedIn,Image,Gaming,Monday,0,408426.0,28888.0,863.0,1025.0,473778.0,7.54,,3.0,0
POST_0197,YouTube,Text,Food,Saturday,12,337664.0,37413.0,769.0,404.0,467408.0,11.43,,24.0,0
POST_0034,Instagram,Image,Finance,Saturday,21,32007.0,2172.0,60.0,146.0,81749.0,7.43,,3.0,0
POST_0478,Instagram,Video,Travel,Wednesday,17,481743.0,54042.0,5320.0,901.0,332932.0,12.51,226.0,1.0,1
POST_0432,Instagram,Article,Finance,Wednesday,11,126426.0,18446.0,1772.0,1084.0,132086.0,16.85,,5.0,0
POST_0393,TikTok,Image,Finance,Thursday,10,155544.0,20658.0,2458.0,559.0,151419.0,15.22,,9.0,0
POST_0337,Instagram,Video,Education,Thursday,12,447636.0,25807.0,2640.0,1559.0,907325.0,6.7,567.0,2.0,0
POST_0304,TikTok,Reel,Fashion,Thursday,3,490626.0,66814.0,2036.0,4714.0,1106960.0,14.99,536.0,12.0,0
POST_0291,YouTube,Text,Food,Friday,22,275555.0,29253.0,2562.0,1303.0,320587.0,12.02,,17.0,0
POST_0017,LinkedIn,Article,Finance,Monday,5,95018.0,13965.0,1437.0,363.0,152945.0,16.59,,28.0,1
POST_0159,Instagram,Reel,Tech,Monday,20,458828.0,6919.0,445.0,464.0,1147154.0,1.71,72.0,14.0,0
POST_0244,YouTube,Text,Fitness,Wednesday,5,472082.0,30544.0,3119.0,1104.0,381480.0,7.36,,26.0,0
POST_0067,Twitter,Article,Finance,Tuesday,8,308257.0,32358.0,2524.0,784.0,513113.0,11.57,,29.0,1
POST_0426,twitter,Story,Fashion,Thursday,1,116053.0,13976.0,,539.0,270949.0,13.66,,8.0,0
POST_0445,TikTok,Image,Food,Saturday,21,305677.0,23154.0,1989.0,,228292.0,8.52,,17.0,0
POST_0120,Twitter,Story,Food,Friday,18,57273.0,6072.0,567.0,121.0,108058.0,11.8,,21.0,0
POST_0456,Twitter,Article,Gaming,Tuesday,21,167216.0,21180.0,876.0,1667.0,176856.0,14.19,,12.0,0
POST_0066,LinkedIn,Video,Fitness,Wednesday,5,494948.0,57520.0,5991.0,1382.0,254550.0,13.11,359.0,30.0,0
POST_0473,Twitter,Reel,Travel,Wednesday,23,310001.0,5046.0,585.0,184.0,600190.0,1.88,253.0,8.0,0
POST_0010,TikTok,Story,Finance,Friday,16,219008.0,22777.0,771.0,1578.0,581199.0,11.47,,10.0,0
POST_0019,Instagram,Text,Finance,Monday,12,426333.0,37557.0,3830.0,,1234764.0,9.89,,2.0,0
POST_0154,Instagram,Text,Fashion,Thursday,11,91517.0,12736.0,1424.0,911.0,182296.0,16.47,,25.0,1
POST_0302,TikTok,Reel,Fitness,Saturday,7,474570.0,55212.0,4606.0,3642.0,244919.0,13.37,203.0,13.0,0
POST_0257,Instagram,Image,Education,Monday,23,449893.0,24172.0,866.0,1084.0,1273560.0,5.81,,0.0,0
POST_0313,Twitter,Reel,Gaming,Friday,8,194021.0,4308.0,456.0,193.0,424129.0,2.55,159.0,22.0,0
POST_0273,Instagram,Reel,Food,Wednesday,15,29141.0,3280.0,92.0,182.0,82971.0,12.2,255.0,12.0,0
POST_0134,TikTok,Video,Travel,Tuesday,19,268926.0,32153.0,2117.0,357.0,440280.0,12.88,130.0,13.0,1
POST_0460,YouTube,Text,Fashion,Monday,8,209432.0,14952.0,1393.0,391.0,398578.0,7.99,,10.0,0
POST_0254,YouTube,Story,Gaming,Friday,19,360177.0,21586.0,2410.0,1333.0,963118.0,7.03,,7.0,0
POST_0271,YouTube,Text,Tech,Friday,12,444547.0,6523.0,352.0,385.0,1095411.0,1.63,,29.0,0
POST_0162,Instagram,Story,Travel,Thursday,2,234483.0,28184.0,2836.0,899.0,234807.0,13.61,,9.0,0
POST_0287,LinkedIn,Reel,Education,Friday,14,428387.0,64082.0,1552.0,2310.0,857075.0,15.86,433.0,30.0,0
POST_0361,LinkedIn,Image,Fashion,Monday,10,289179.0,22286.0,2355.0,767.0,283619.0,8.79,,7.0,0
POST_0340,LinkedIn,Video,Travel,Friday,18,304568.0,18412.0,552.0,1222.0,585124.0,6.63,410.0,5.0,0
POST_0345,Twitter,Article,Gaming,Friday,21,285564.0,38980.0,3544.0,1085.0,738943.0,15.27,,21.0,0
POST_0434,YouTube,Text,Tech,Wednesday,6,452122.0,21710.0,825.0,923.0,883239.0,5.19,,,0
POST_0002,TikTok,Story,Education,Thursday,21,92658.0,5968.0,310.0,83.0,221977.0,6.87,,7.0,0
POST_0225,Instagram,Video,Tech,Friday,16,440875.0,35100.0,1443.0,1927.0,602965.0,8.73,297.0,15.0,1
POST_0208,YouTube,Reel,Fashion,Friday,11,468181.0,44854.0,1006.0,681.0,1061220.0,,596.0,,1
POST_0118,YouTube,Story,Travel,Monday,2,218029.0,17325.0,705.0,210.0,640050.0,8.37,,28.0,0
POST_0431,Twitter,Video,Tech,Saturday,6,498030.0,59835.0,6753.0,3661.0,305353.0,14.11,430.0,5.0,0
POST_0359,Instagram,Story,Travel,Sunday,11,146128.0,9905.0,415.0,152.0,291266.0,7.17,,20.0,0
POST_0367,LinkedIn,Reel,Food,Saturday,1,380504.0,41503.0,2637.0,1619.0,1058686.0,12.03,,22.0,0
POST_0265,LinkedIn,Video,Travel,Tuesday,17,169918.0,16292.0,1601.0,747.0,257662.0,10.97,390.0,,0
POST_0275,YouTube,Story,Fashion,Thursday,9,138478.0,7456.0,765.0,100.0,186073.0,6.01,,24.0,1
POST_0071,Instagram,Reel,Travel,Sunday,8,399465.0,32071.0,3758.0,437.0,1159606.0,9.08,297.0,9.0,0
POST_0129,TikTok,Video,Fashion,Saturday,23,10715.0,1157.0,128.0,36.0,6980.0,199.78808309944645,223.0,20.0,0
POST_0355,Twitter,Text,Education,Wednesday,0,226019.0,14268.0,852.0,413.0,300721.0,6.87,,11.0,0
POST_0099,Twitter,Story,Gaming,Tuesday,18,152175.0,4696.0,318.0,205.0,217414.0,3.43,,6.0,1
POST_0371,twitter,Video,Food,Thursday,20,4191.0,534.0,22.0,20.0,7785.0,13.74,202.0,10.0,0
POST_0022,TikTok,Reel,Travel,Friday,8,127888.0,7009.0,,281.0,234435.0,6.06,441.0,26.0,0
POST_0194,Twitter,Video,Travel,Saturday,11,488689.0,71069.0,3850.0,2328.0,269415.0,15.81,543.0,13.0,0
POST_0006,Twitter,Text,Tech,Wednesday,23,247860.0,1585643.0,2195.0,2061.0,363246.0,12.18,,3.0,0
POST_0417,Twitter,Article,Fashion,Wednesday,19,90570.0,1948.0,50.0,35.0,181999.0,2.24,,20.0,0
POST_0314,Instagram,Article,Food,Tuesday,1,194718.0,21549.0,831.0,1022.0,468731.0,12.02,,23.0,0
POST_0136,YouTube,Story,Finance,Wednesday,17,125481.0,16234.0,1535.0,303.0,348276.0,14.4,,27.0,1
POST_0443,YouTube,Reel,Finance,Wednesday,19,137511.0,18843.0,1370.0,827.0,156053.0,15.3,375.0,23.0,0
POST_0495,TikTok,Image,Finance,Thursday,21,90489.0,11044.0,1275.0,233.0,91449.0,13.87,,6.0,0
POST_0328,TikTok,Text,Fashion,Sunday,1,61428.0,1528.0,,91.0,146464.0,2.87,,19.0,1
POST_0199,TikTok,Reel,Fitness,Saturday,14,327453.0,7347.0,750.0,575.0,962198.0,2.65,248.0,14.0,0
POST_0422,LinkedIn,Story,Gaming,Sunday,15,351484.0,11625.0,500.0,,278483.0,3.66,,1.0,0
POST_0204,Instagram,Reel,Fashion,Thursday,13,163624.0,10890.0,652.0,253.0,485443.0,7.21,297.0,21.0,0
POST_0068,Twitter,Story,Gaming,Monday,5,499946.0,57932.0,4401.0,620.0,963848.0,12.59,,4.0,0
POST_0224,LinkedIn,Article,Education,Saturday,4,32822.0,3976.0,344.0,193.0,32061.0,,,13.0,1
POST_0128,LinkedIn,Article,Gaming,Thursday,20,197133.0,6533.0,595.0,316.0,566138.0,3.78,,24.0,0
POST_0144,LinkedIn,Story,Fitness,Saturday,1,390954.0,38455.0,2741.0,1822.0,919293.0,11.0,,21.0,0
POST_0327,YouTube,Reel,Education,Sunday,3,490536.0,55676.0,1813.0,1652.0,1221443.0,12.06,489.0,,0
POST_0140,TikTok,Story,Gaming,Tuesday,3,179936.0,13913.0,927.0,234.0,352899.0,8.38,,16.0,0
POST_0219,Instagram,Video,Tech,Tuesday,10,246127.0,12474.0,1299.0,184.0,728680.0,5.67,172.0,11.0,0
POST_0384,LinkedIn,Video,Fitness,Saturday,3,123811.0,11069.0,389.0,678.0,202063.0,9.8,213.0,26.0,0
POST_0331,YouTube,Video,Education,Wednesday,3,484569.0,51089.0,4507.0,3815.0,806422.0,12.26,113.0,16.0,0
POST_0158,TikTok,Video,Fashion,Saturday,7,203043.0,3298.0,216.0,106.0,292098.0,1.78,26.0,26.0,1
POST_0095,Instagram,Video,Travel,Sunday,11,257911.0,24321.0,561.0,701.0,502178.0,9.92,85.0,11.0,0
POST_0256,YouTube,Article,Food,Wednesday,17,251497.0,12248.0,736.0,692.0,735776.0,,,27.0,0
POST_0479,TikTok,Video,Food,Friday,18,280297.0,37424.0,2159.0,645.0,767932.0,14.35,499.0,15.0,0
POST_0132,TikTok,Article,Fitness,Wednesday,3,410379.0,44187.0,3531.0,,381071.0,12.03,,15.0,0
POST_0227,Twitter,Image,Travel,Saturday,23,392099.0,51795.0,3114.0,1871.0,1168232.0,14.48,,8.0,0
POST_0040,Twitter,Reel,Tech,Thursday,17,113356.0,2621.0,170.0,135.0,99358.0,2.58,438.0,11.0,0
POST_0491,Instagram,Article,Gaming,Sunday,0,148977.0,2335.0,46.0,86.0,289191.0,,,,0
POST_0498,Instagram,Text,Tech,Saturday,14,416384.0,38925.0,2652.0,1569.0,287896.0,10.36,,9.0,1
POST_0190,YouTube,Text,Tech,Friday,4,204981.0,7536.0,900.0,487.0,182213.0,4.35,,2.0,0
POST_0452,LinkedIn,Video,Fitness,Tuesday,9,62063.0,5754.0,241.0,130.0,152597.0,9.87,322.0,29.0,0
POST_0439,LinkedIn,Image,Fitness,Friday,9,105797.0,14262.0,,673.0,161567.0,15.6,,22.0,1
POST_0249,LinkedIn,Article,Gaming,Sunday,16,204218.0,4712.0,204.0,225.0,556434.0,2.52,,18.0,0
POST_0039,Instagram,Text,Tech,Friday,7,374479.0,11691.0,683.0,358.0,887364.0,3.4,,1.0,1
POST_0243,Instagram,Article,Finance,Monday,2,412484.0,20434.0,1336.0,1098.0,1030919.0,5.54,,17.0,0
POST_0354,LinkedIn,Text,Food,Friday,18,300631.0,19410.0,469.0,701.0,370164.0,6.85,,7.0,0
POST_0415,Instagram,Article,Finance,Thursday,15,29082.0,393.0,36.0,30.0,67594.0,1.58,,4.0,0
POST_0139,Twitter,Story,Tech,Friday,8,293826.0,21931.0,1931.0,1513.0,794516.0,8.64,,22.0,0
POST_0023,LinkedIn,Text,Fashion,Wednesday,7,230104.0,26564.0,,1602.0,481355.0,12.57,,30.0,0
POST_0160,YouTube,Story,Finance,Sunday,14,222427.0,10810.0,867.0,487.0,603101.0,5.47,,2.0,0
POST_0026,YouTube,Story,Education,Sunday,18,110847.0,12405.0,1250.0,407.0,201942.0,12.69,,16.0,0
POST_0184,Twitter,Video,Education,Monday,1,287370.0,34564.0,1843.0,842.0,458683.0,12.96,290.0,2.0,0
POST_0241,YouTube,Reel,Fitness,Tuesday,0,341357.0,7913.0,727.0,82.0,732281.0,2.56,336.0,13.0,0
POST_0014,twitter,Story,Travel,Tuesday,17,5358.0,461.0,38.0,5.0,10152.0,9.41,,17.0,0
POST_0146,LinkedIn,Image,Fitness,Friday,1,174757.0,23862.0,2277.0,956.0,346928.0,15.5,,22.0,0
POST_0414,LinkedIn,Text,Food,Friday,3,270932.0,38964.0,2093.0,1587.0,433530.0,15.74,,19.0,0
POST_0315,Twitter,Reel,Gaming,Thursday,17,71017.0,4887.0,367.0,98.0,43578.0,7.54,45.0,21.0,0
POST_0362,LinkedIn,Image,Fashion,Tuesday,2,293764.0,3677.0,285.0,,364013.0,1.41,,20.0,0
POST_0079,LinkedIn,Article,Tech,Tuesday,6,360687.0,3701.0,227.0,269.0,195807.0,1.16,,6.0,1
POST_0321,Twitter,Image,Travel,Friday,12,205366.0,18650.0,1580.0,449.0,166038.0,10.07,,27.0,0
POST_0430,LinkedIn,Article,Fitness,Thursday,10,235706.0,10084.0,827.0,723.0,327119.0,4.94,,,1
POST_0480,TikTok,Video,Education,Thursday,3,322909.0,33560.0,,449.0,802371.0,,528.0,11.0,0
POST_0395,TikTok,Reel,Food,Wednesday,20,467832.0,26973.0,1971.0,903.0,304203.0,6.38,61.0,17.0,1
POST_0053,LinkedIn,Reel,Finance,Wednesday,5,73240.0,3920.0,95.0,265.0,171423.0,5.84,380.0,25.0,0
POST_0463,TikTok,Text,Finance,Sunday,9,401195.0,6505.0,387.0,268.0,996538.0,1.78,,15.0,1
POST_0035,YouTube,Image,Tech,Saturday,21,485518.0,56390.0,,4072.0,802953.0,13.32,,29.0,0
POST_0335,linkedin,Text,Finance,Sunday,1,101689.0,2051.0,49.0,155.0,285331.0,2.22,,1.0,0
POST_0494,Instagram,Video,Finance,Thursday,16,452495.0,46670.0,5554.0,1743.0,538194.0,11.93,269.0,10.0,0
POST_0377,LinkedIn,Video,Travel,Monday,11,4631.0,458.0,49.0,32.0,5941.0,11.64,17.0,22.0,0
POST_0185,Twitter,Text,Gaming,Thursday,6,269865.0,26290.0,2452.0,964.0,492423.0,11.01,,12.0,1
POST_0312,YouTube,Image,Education,Monday,4,332396.0,8579.0,174.0,586.0,561489.0,2.81,,21.0,0
POST_0326,Instagram,Image,Gaming,Wednesday,10,223084.0,3202.0,362.0,79.0,667243.0,1.63,,27.0,0
POST_0188,Instagram,Video,Tech,Tuesday,1,446346.0,13522.0,1609.0,829.0,350863.0,3.58,39.0,15.0,0
POST_0285,Instagram,Reel,Fitness,Friday,14,437324.0,48772.0,4268.0,,1040477.0,,331.0,17.0,0
POST_0392,TikTok,Text,Fashion,Thursday,11,314543.0,41775.0,3267.0,905.0,875398.0,14.61,,18.0,0
POST_0388,Twitter,Article,Finance,Tuesday,22,390878.0,16295.0,1308.0,826.0,889377.0,4.71,,23.0,1
POST_0467,Twitter,Image,Fashion,Saturday,23,472256.0,58818.0,6200.0,3497.0,406505.0,14.51,,22.0,0
POST_0166,Twitter,Text,Finance,Monday,22,257677.0,33052.0,671.0,1783.0,527588.0,13.78,,2.0,0
POST_0401,YouTube,Text,Fashion,Wednesday,20,441900.0,30970.0,2866.0,2198.0,347771.0,8.15,,8.0,1
POST_0299,LinkedIn,Text,Tech,Friday,7,334373.0,17223.0,1970.0,1101.0,940024.0,6.07,,20.0,1
POST_0024,Instagram,Story,Tech,Tuesday,10,318898.0,15213.0,911.0,752.0,755973.0,5.29,,3.0,1
POST_0474,TikTok,Image,Fitness,Saturday,18,35964.0,2628.0,253.0,179.0,30379.0,8.51,,0.0,0
POST_0348,Instagram,Story,Gaming,Monday,14,292444.0,5343.0,500.0,379.0,378751.0,2.13,,27.0,0
POST_0428,TikTok,Story,Travel,Sunday,12,404082.0,42307.0,4861.0,1080.0,791601.0,11.94,,10.0,0
POST_0183,Instagram,Image,Food,Monday,19,113020.0,14229.0,1451.0,214.0,77650.0,14.06,,20.0,0
POST_0344,LinkedIn,Story,Gaming,Tuesday,23,136870.0,15917.0,1652.0,775.0,361505.0,13.4,,27.0,1
POST_0042,Instagram,Text,Tech,Wednesday,1,205451.0,27283.0,2617.0,1487.0,341043.0,15.28,,29.0,0
POST_0357,LinkedIn,Article,Food,Wednesday,16,284367.0,18036.0,1181.0,582.0,171685.0,6.96,,352.0,0
POST_0237,Instagram,Story,Tech,Wednesday,1,252537.0,22330.0,925.0,925.0,423547.0,9.57,,17.0,0
POST_0436,LinkedIn,Video,Tech,Saturday,6,93601.0,13828.0,1052.0,335.0,251089.0,,575.0,1.0,0
POST_0351,Twitter,Reel,Tech,Sunday,6,105131.0,13918.0,649.0,927.0,75575.0,14.74,,27.0,0
POST_0076,Twitter,Text,Travel,Tuesday,17,257353.0,10399.0,311.0,406.0,180290.0,4.32,,21.0,1
POST_0032,LinkedIn,Reel,Food,Thursday,14,297037.0,9236.0,971.0,,195406.0,3.55,173.0,6.0,0
POST_0350,TikTok,Image,Gaming,Monday,11,11749.0,1187.0,131.0,29.0,18537.0,11.46,,2.0,0
POST_0046,Instagram,Image,Finance,Tuesday,12,55624.0,6877.0,,290.0,142442.0,13.59,,20.0,0
POST_0472,TikTok,Image,Food,Sunday,17,451929.0,47253.0,4637.0,3546.0,1343846.0,12.27,,18.0,0
POST_0109,YouTube,Image,Food,Wednesday,11,30301.0,1303.0,114.0,53.0,87054.0,4.85,,30.0,0
POST_0106,TikTok,Article,Fitness,Thursday,20,103747.0,6461.0,587.0,385.0,171485.0,7.16,,0.0,0
POST_0150,LinkedIn,Story,Education,Saturday,9,197049.0,3550.0,256.0,274.0,549605.0,2.07,,26.0,0
POST_0030,LinkedIn,Reel,Finance,Friday,11,301611.0,43769.0,1170.0,,644474.0,15.96,74.0,25.0,0
POST_0182,YouTube,Video,Gaming,Sunday,6,79222.0,5155.0,435.0,296.0,226254.0,7.43,,18.0,0
POST_0110,YouTube,Story,Gaming,Friday,17,223724.0,13870.0,603.0,293.0,577673.0,6.6,,25.0,0
POST_0420,linkedin,Text,Travel,Sunday,2,346732.0,10143.0,1146.0,650.0,323624.0,3.44,,27.0,0
POST_0123,TikTok,Story,Education,Friday,14,268039.0,30448.0,3022.0,639.0,411324.0,12.73,,30.0,1
POST_0476,TikTok,Video,Fashion,Thursday,6,419443.0,13895.0,1115.0,501.0,1151102.0,3.7,329.0,18.0,0
POST_0105,Instagram,Video,Fitness,Thursday,22,336126.0,27845.0,2859.0,1800.0,891612.0,9.67,78.0,25.0,0
POST_0061,Twitter,Reel,Fitness,Monday,11,408700.0,52610.0,5217.0,2485.0,1048981.0,14.76,581.0,23.0,1
POST_0147,LinkedIn,Story,Education,Saturday,3,254334.0,34923.0,2416.0,1104.0,573930.0,15.12,,4.0,0
POST_0084,TikTok,Article,Fashion,Sunday,5,43828.0,2817.0,92.0,94.0,77973.0,6.85,,22.0,0
POST_0316,Twitter,Article,Travel,Sunday,5,64037.0,8757.0,539.0,568.0,135534.0,15.4,,18.0,1
POST_0382,TikTok,Image,Fashion,Saturday,14,414497.0,19425.0,954.0,663.0,1227787.0,117.52893394260802,,6.0,1
POST_0423,twitter,Article,Travel,Friday,9,95439.0,3233.0,79.0,170.0,210479.0,3.65,,24.0,0
POST_0305,youtube,Image,Gaming,Monday,0,289859.0,29343.0,2049.0,2173.0,590771.0,11.58,,11.0,1
POST_0228,Twitter,Story,Gaming,Sunday,11,483315.0,41699.0,2053.0,2062.0,1044204.0,9.48,,3.0,0
POST_0447,YouTube,Story,Gaming,Monday,21,79815.0,6083.0,508.0,67.0,112048.0,8.34,,19.0,0
POST_0152,Instagram,Video,Education,Thursday,18,91373.0,2593.0,,198.0,101946.0,3.24,81.0,26.0,0
POST_0001,LinkedIn,Article,Fitness,Sunday,21,286855.0,24960.0,1508.0,306.0,531862.0,9.33,,2.0,0
POST_0268,Instagram,Story,Education,Monday,5,161866.0,5445.0,596.0,141.0,314268.0,3.82,,23.0,1
POST_0448,Instagram,Text,Finance,Friday,0,40279.0,3913.0,273.0,116.0,29420.0,,,28.0,0
POST_0089,LinkedIn,Story,Finance,Sunday,13,292126.0,7180.0,462.0,344.0,431319.0,2.73,,20.0,0
POST_0078,LinkedIn,Story,Gaming,Saturday,14,316507.0,32545.0,3663.0,1714.0,170710.0,11.98,,26.0,1
POST_0269,TikTok,Article,Food,Sunday,19,193660.0,15683.0,1228.0,757.0,367356.0,9.12,,15.0,0
POST_0418,Twitter,Video,Fashion,Friday,13,102015.0,14026.0,1248.0,891.0,271139.0,15.85,229.0,27.0,0
POST_0124,YouTube,Video,Finance,Tuesday,0,120968.0,17303.0,1144.0,317.0,122228.0,15.51,,5.0,0
POST_0298,YouTube,Video,Fitness,Wednesday,14,58022.0,3316.0,290.0,100.0,117486.0,6.39,417.0,6.0,0
POST_0370,TikTok,Video,Fashion,Saturday,2,164856.0,17788.0,1670.0,749.0,361905.0,12.26,567.0,10.0,0
POST_0096,YouTube,Video,Education,Wednesday,12,69619.0,919.0,107.0,42.0,133926.0,1.53,,21.0,0
POST_0493,LinkedIn,Text,Education,Saturday,20,388344.0,17839.0,631.0,611.0,952904.0,4.91,,15.0,0
POST_0012,YouTube,Video,Travel,Tuesday,20,18727.0,2492.0,88.0,177.0,43275.0,14.72,393.0,13.0,1
POST_0115,Instagram,Article,Fashion,Thursday,4,214277.0,11125.0,1334.0,208.0,445505.0,5.91,,3.0,1
POST_0332,Twitter,Video,Finance,Friday,5,114132.0,3811.0,254.0,67.0,277734.0,3.62,471.0,4.0,0
POST_0429,TikTok,Article,Fashion,Saturday,3,202139.0,5748.0,668.0,,298215.0,3.34,,24.0,0
POST_0258,TikTok,Image,Food,Wednesday,10,496370.0,49624.0,5369.0,3076.0,1168458.0,,,3.0,0
POST_0220,Instagram,Text,Gaming,Monday,4,364412.0,43793.0,1936.0,1757.0,542707.0,13.03,,24.0,1
POST_0438,YouTube,Text,Fashion,Thursday,16,239340.0,16030.0,1092.0,480.0,538329.0,7.35,,2.0,0
POST_0253,LinkedIn,Article,Finance,Saturday,9,43913.0,1017.0,32.0,,78263.0,2.51,,8.0,0
POST_0353,Instagram,Article,Travel,Thursday,20,391707.0,13189.0,1421.0,715.0,605757.0,3.91,,13.0,0
POST_0485,Instagram,Video,Food,Thursday,4,70519.0,10124.0,723.0,349.0,182395.0,15.88,400.0,24.0,0
POST_0262,YouTube,Text,Travel,Monday,23,383007.0,27830.0,1676.0,1850.0,349783.0,8.19,,15.0,0
POST_0444,YouTube,Article,Travel,Thursday,3,441457.0,19176.0,1134.0,209.0,1081556.0,4.65,,,0
POST_0179,TikTok,Reel,Tech,Saturday,14,489371.0,42460.0,4551.0,1482.0,450365.0,9.91,73.0,19.0,0
POST_0411,Twitter,Article,Tech,Tuesday,18,488510.0,7117.0,599.0,,604619.0,1.67,,12.0,0
POST_0279,YouTube,Video,Tech,Friday,20,42568.0,1126.0,86.0,12.0,126482.0,2.88,292.0,14.0,0
POST_0020,linkedin,Image,Fitness,Monday,0,482916.0,17038.0,1524.0,980.0,761904.0,4.05,,14.0,0
POST_0356,YouTube,Text,Travel,Saturday,16,427577.0,17848.0,1717.0,468.0,527818.0,4.69,,,0
POST_0170,LinkedIn,Text,Finance,Saturday,13,471173.0,7779.0,398.0,88.0,644926.0,1.75,,,0
POST_0240,TikTok,Story,Tech,Tuesday,19,36262.0,3167.0,122.0,239.0,80414.0,9.73,,10.0,0
POST_0278,YouTube,Image,Fitness,Wednesday,17,155363.0,20191.0,2153.0,705.0,208827.0,14.84,,17.0,0
POST_0161,YouTube,Reel,Food,Sunday,0,62929.0,3057.0,241.0,45.0,51164.0,5.31,474.0,18.0,0
POST_0074,Twitter,Article,Tech,Monday,7,126541.0,12663.0,926.0,775.0,191713.0,11.35,,4.0,0
POST_0018,TikTok,Story,Fashion,Monday,10,387601.0,44476.0,5298.0,3422.0,630603.0,13.72,,,1
POST_0063,TikTok,Article,Gaming,Monday,7,319693.0,40465.0,1219.0,578.0,905986.0,13.22,,18.0,0
POST_0250,YouTube,Image,Tech,Monday,18,466182.0,931856.0,1683.0,,1186265.0,8.08,,23.0,1
POST_0229,YouTube,Image,Food,Sunday,23,8967.0,1041.0,36.0,43.0,8950.0,12.49,,24.0,0
POST_0239,TikTok,Article,Tech,Wednesday,4,318243.0,28042.0,2690.0,698.0,604326.0,9.88,,12.0,0
POST_0230,LinkedIn,Image,Finance,Monday,14,373863.0,43209.0,2014.0,2464.0,228955.0,12.76,,22.0,0
POST_0319,twitter,Video,Tech,Thursday,8,117981.0,11317.0,1210.0,735.0,197125.0,11.24,365.0,22.0,0
POST_0284,LinkedIn,Article,Gaming,Thursday,4,24312.0,659.0,74.0,16.0,47951.0,3.08,,12.0,0
POST_0048,TikTok,Story,Education,Sunday,12,235565.0,31425.0,1863.0,2132.0,623140.0,15.04,,6.0,0
POST_0251,Instagram,Text,Education,Monday,13,303066.0,11330.0,555.0,288.0,538054.0,4.02,,26.0,0
POST_0080,LinkedIn,Text,Finance,Sunday,10,132733.0,4641.0,276.0,312.0,370525.0,3.94,,8.0,0
POST_0296,TikTok,Story,Finance,Wednesday,16,436684.0,27538.0,1317.0,763.0,1253832.0,6.78,,18.0,0
POST_0492,TikTok,Reel,Gaming,Monday,22,46838.0,6183.0,680.0,348.0,112631.0,15.4,436.0,8.0,0
POST_0021,Twitter,Reel,Tech,Monday,5,295054.0,5175.0,379.0,133.0,552741.0,1.93,131.0,26.0,1
POST_0457,TikTok,Article,Fashion,Friday,21,446377.0,57202.0,1218.0,2375.0,1197527.0,13.62,,16.0,1
POST_0425,youtube,Story,Finance,Wednesday,17,142214.0,10286.0,516.0,587.0,119847.0,8.01,,17.0,1
POST_0141,Instagram,Reel,Education,Wednesday,20,393136.0,27883.0,653.0,1369.0,1016052.0,7.61,271.0,8.0,1
POST_0193,LinkedIn,Reel,Tech,Thursday,7,443111.0,63180.0,1542.0,5011.0,464941.0,15.74,,27.0,0
POST_0131,YouTube,Article,Food,Sunday,4,119413.0,10998.0,872.0,500.0,67159.0,10.36,,,0
POST_0216,YouTube,Article,Food,Wednesday,0,203380.0,1809989.0,2840.0,1373.0,190284.0,15.14,,16.0,0
POST_0245,YouTube,Video,Gaming,Wednesday,4,349413.0,42547.0,3210.0,,784895.0,13.26,357.0,,1
POST_0364,TikTok,Text,Gaming,Thursday,13,257553.0,3555.0,,255.0,514866.0,1.56,,8.0,0
POST_0487,Instagram,Article,Education,Sunday,16,192775.0,25215.0,1144.0,1590.0,536344.0,14.5,,12.0,0
POST_0060,Twitter,Reel,Education,Saturday,22,136327.0,11367.0,665.0,,397823.0,9.23,432.0,7.0,0
POST_0222,Instagram,Reel,Finance,Tuesday,4,18347.0,668678.0,37.0,46.0,22104.0,6.43,424.0,27.0,0
POST_0177,YouTube,Text,Gaming,Monday,8,488247.0,21067.0,2379.0,1103.0,1207690.0,5.03,,22.0,0
POST_0450,Twitter,Video,Education,Wednesday,23,418104.0,30373.0,3502.0,392.0,445568.0,8.2,549.0,12.0,0
POST_0056,Instagram,Image,Gaming,Monday,17,202659.0,19474.0,1051.0,256.0,149120.0,10.25,,12.0,0
POST_0292,Instagram,Text,Education,Saturday,10,497037.0,11443.0,388.0,341.0,937334.0,2.45,,14.0,0
POST_0255,Instagram,Image,Food,Tuesday,20,367936.0,42698.0,3931.0,1068.0,554457.0,12.96,,19.0,0
POST_0408,LinkedIn,Article,Travel,Tuesday,20,202548.0,15874.0,1154.0,798.0,534793.0,8.8,,7.0,1
POST_0386,Instagram,Image,Fitness,Wednesday,10,222972.0,27968.0,2545.0,517.0,203397.0,13.92,,11.0,0
POST_0437,Twitter,Image,Finance,Thursday,23,30956.0,1475.0,156.0,27.0,55964.0,5.36,,7.0,0
POST_0198,Instagram,Video,Gaming,Wednesday,22,457956.0,31378.0,3567.0,1302.0,575283.0,7.91,125.0,6.0,0
POST_0069,LinkedIn,Video,Food,Friday,8,75069.0,9599.0,293.0,389.0,94592.0,13.7,102.0,29.0,0
POST_0211,YouTube,Image,Education,Friday,4,12138.0,849.0,70.0,52.0,20588.0,8.0,,10.0,0
POST_0233,LinkedIn,Article,Fashion,Thursday,11,209524.0,21444.0,,588.0,505560.0,11.58,,14.0,0
POST_0202,YouTube,Video,Food,Monday,2,205894.0,30322.0,2729.0,2381.0,502794.0,138.3253038181585,157.0,1.0,1
POST_0169,Instagram,Image,Tech,Saturday,13,35594.0,4607.0,202.0,106.0,29181.0,13.81,,,0
POST_0186,LinkedIn,Reel,Travel,Thursday,5,450370.0,35681.0,2599.0,2809.0,1334563.0,9.12,233.0,,1
POST_0036,TikTok,Article,Gaming,Tuesday,19,171604.0,19576.0,2078.0,941.0,507649.0,13.17,,29.0,0
POST_0130,TikTok,Reel,Finance,Tuesday,19,20169.0,1855.0,61.0,81.0,44643.0,9.9,512.0,22.0,1
